{"textures":{"1":"modelengine:entity/eye_creature"},"elements":[{"from":[10.0,7.4991455,-5.687443],"to":[11.0,8.4991455,-1.6874428],"faces":{"east":{"uv":[13.0,10.0,13.5,10.125],"tintindex":0,"rotation":0,"texture":"#1"},"south":{"uv":[13.25,12.0,13.375,12.125],"tintindex":0,"rotation":0,"texture":"#1"},"north":{"uv":[13.25,8.125,13.375,8.25],"tintindex":0,"rotation":0,"texture":"#1"},"west":{"uv":[13.0,10.125,13.5,10.25],"tintindex":0,"rotation":0,"texture":"#1"},"up":{"uv":[11.375,6.25,11.25,5.75],"tintindex":0,"rotation":0,"texture":"#1"},"down":{"uv":[13.125,10.25,13.0,10.75],"tintindex":0,"rotation":0,"texture":"#1"}},"rotation":{"origin":[8.0,7.9991455,-4.437443],"angle":-45.0,"axis":"y"}},{"from":[11.0,7.9991455,-5.687443],"to":[12.0,7.9991455,-1.6874428],"faces":{"up":{"uv":[13.375,3.5,13.25,3.0],"tintindex":0,"rotation":0,"texture":"#1"},"down":{"uv":[3.625,13.25,3.5,13.75],"tintindex":0,"rotation":0,"texture":"#1"}},"rotation":{"origin":[8.0,7.9991455,-4.437443],"angle":-45.0,"axis":"y"}},{"from":[8.5,7.9991455,-0.9374428],"to":[9.5,7.9991455,9.062558],"faces":{"up":{"uv":[3.0,14.0,2.875,12.75],"tintindex":0,"rotation":0,"texture":"#1"},"down":{"uv":[3.125,12.75,3.0,14.0],"tintindex":0,"rotation":0,"texture":"#1"}}},{"from":[7.5,7.4991455,-0.9374428],"to":[8.5,8.4991455,9.062558],"faces":{"east":{"uv":[12.5,1.875,13.75,2.0],"tintindex":0,"rotation":0,"texture":"#1"},"south":{"uv":[13.25,7.0,13.375,7.125],"tintindex":0,"rotation":0,"texture":"#1"},"north":{"uv":[11.25,6.25,11.375,6.375],"tintindex":0,"rotation":0,"texture":"#1"},"west":{"uv":[12.5,2.0,13.75,2.125],"tintindex":0,"rotation":0,"texture":"#1"},"up":{"uv":[10.375,8.25,10.25,7.0],"tintindex":0,"rotation":0,"texture":"#1"},"down":{"uv":[10.375,8.25,10.25,9.5],"tintindex":0,"rotation":0,"texture":"#1"}}}],"display":{"gui":{"rotation":[30,225,0]}}}