{"textures":{"1":"modelengine:entity/eye_creature"},"elements":[{"from":[8.5,7.9991455,-0.9374428],"to":[9.5,7.9991455,9.062558],"faces":{"up":{"uv":[11.375,5.75,11.25,4.5],"tintindex":0,"rotation":0,"texture":"#1"},"down":{"uv":[12.0,12.375,11.875,13.625],"tintindex":0,"rotation":0,"texture":"#1"}}},{"from":[11.0,7.9991455,-5.687443],"to":[12.0,7.9991455,-1.6874428],"faces":{"up":{"uv":[13.25,12.75,13.125,12.25],"tintindex":0,"rotation":0,"texture":"#1"},"down":{"uv":[13.25,12.75,13.125,13.25],"tintindex":0,"rotation":0,"texture":"#1"}},"rotation":{"origin":[8.0,7.9991455,-4.437443],"angle":-45.0,"axis":"y"}},{"from":[7.5,7.4991455,-0.9374428],"to":[8.5,8.4991455,9.062558],"faces":{"east":{"uv":[12.625,0.625,13.875,0.75],"tintindex":0,"rotation":0,"texture":"#1"},"south":{"uv":[13.375,4.875,13.5,5.0],"tintindex":0,"rotation":0,"texture":"#1"},"north":{"uv":[13.375,4.75,13.5,4.875],"tintindex":0,"rotation":0,"texture":"#1"},"west":{"uv":[12.625,0.75,13.875,0.875],"tintindex":0,"rotation":0,"texture":"#1"},"up":{"uv":[2.75,14.0,2.625,12.75],"tintindex":0,"rotation":0,"texture":"#1"},"down":{"uv":[2.875,12.75,2.75,14.0],"tintindex":0,"rotation":0,"texture":"#1"}}},{"from":[8.737436,7.4991455,-4.139345],"to":[9.737436,8.4991455,-0.13934517],"faces":{"east":{"uv":[13.0,11.0,13.5,11.125],"tintindex":0,"rotation":0,"texture":"#1"},"south":{"uv":[13.25,12.75,13.375,12.875],"tintindex":0,"rotation":0,"texture":"#1"},"north":{"uv":[13.25,12.625,13.375,12.75],"tintindex":0,"rotation":0,"texture":"#1"},"west":{"uv":[13.0,11.125,13.5,11.25],"tintindex":0,"rotation":0,"texture":"#1"},"up":{"uv":[13.125,13.5,13.0,13.0],"tintindex":0,"rotation":0,"texture":"#1"},"down":{"uv":[13.25,3.375,13.125,3.875],"tintindex":0,"rotation":0,"texture":"#1"}},"rotation":{"origin":[9.237436,7.9991455,-2.1393452],"angle":-45.0,"axis":"y"}}],"display":{"gui":{"rotation":[30,225,0]}}}