{"textures":{"1":"modelengine:entity/eye_creature"},"elements":[{"from":[6.5,7.9991455,-0.9374428],"to":[7.5,7.9991455,9.062558],"faces":{"up":{"uv":[12.75,13.875,12.625,12.625],"tintindex":0,"rotation":0,"texture":"#1"},"down":{"uv":[1.875,12.75,1.75,14.0],"tintindex":0,"rotation":0,"texture":"#1"}}},{"from":[6.262563,7.4991455,-4.139345],"to":[7.262563,8.4991455,-0.13934517],"faces":{"east":{"uv":[3.5,13.125,4.0,13.25],"tintindex":0,"rotation":0,"texture":"#1"},"south":{"uv":[13.25,13.125,13.375,13.25],"tintindex":0,"rotation":0,"texture":"#1"},"north":{"uv":[13.125,13.25,13.25,13.375],"tintindex":0,"rotation":0,"texture":"#1"},"west":{"uv":[13.125,3.875,13.625,4.0],"tintindex":0,"rotation":0,"texture":"#1"},"up":{"uv":[4.125,13.625,4.0,13.125],"tintindex":0,"rotation":0,"texture":"#1"},"down":{"uv":[4.25,13.125,4.125,13.625],"tintindex":0,"rotation":0,"texture":"#1"}},"rotation":{"origin":[6.762563,7.9991455,-2.1393452],"angle":45.0,"axis":"y"}},{"from":[7.5,7.4991455,-0.9374428],"to":[8.5,8.4991455,9.062558],"faces":{"east":{"uv":[12.5,2.375,13.75,2.5],"tintindex":0,"rotation":0,"texture":"#1"},"south":{"uv":[13.25,13.0,13.375,13.125],"tintindex":0,"rotation":0,"texture":"#1"},"north":{"uv":[13.25,12.875,13.375,13.0],"tintindex":0,"rotation":0,"texture":"#1"},"west":{"uv":[12.5,2.5,13.75,2.625],"tintindex":0,"rotation":0,"texture":"#1"},"up":{"uv":[12.125,13.625,12.0,12.375],"tintindex":0,"rotation":0,"texture":"#1"},"down":{"uv":[5.625,12.5,5.5,13.75],"tintindex":0,"rotation":0,"texture":"#1"}}},{"from":[4.0,7.9991455,-5.687443],"to":[5.0,7.9991455,-1.6874428],"faces":{"up":{"uv":[10.625,13.625,10.5,13.125],"tintindex":0,"rotation":0,"texture":"#1"},"down":{"uv":[10.75,13.125,10.625,13.625],"tintindex":0,"rotation":0,"texture":"#1"}},"rotation":{"origin":[8.0,7.9991455,-4.437443],"angle":45.0,"axis":"y"}}],"display":{"gui":{"rotation":[30,225,0]}}}