{"textures":{"1":"modelengine:entity/eye_creature"},"elements":[{"from":[7.5,7.4991455,-1.737443],"to":[8.5,8.4991455,8.262558],"faces":{"east":{"uv":[12.5,2.125,13.75,2.25],"tintindex":0,"rotation":0,"texture":"#1"},"south":{"uv":[13.25,12.25,13.375,12.375],"tintindex":0,"rotation":0,"texture":"#1"},"north":{"uv":[13.25,12.125,13.375,12.25],"tintindex":0,"rotation":0,"texture":"#1"},"west":{"uv":[12.5,2.25,13.75,2.375],"tintindex":0,"rotation":0,"texture":"#1"},"up":{"uv":[10.5,8.25,10.375,7.0],"tintindex":0,"rotation":0,"texture":"#1"},"down":{"uv":[10.5,8.25,10.375,9.5],"tintindex":0,"rotation":0,"texture":"#1"}}},{"from":[8.5,7.9991455,-1.737443],"to":[9.5,7.9991455,8.262558],"faces":{"up":{"uv":[12.875,4.25,12.75,3.0],"tintindex":0,"rotation":0,"texture":"#1"},"down":{"uv":[3.25,12.75,3.125,14.0],"tintindex":0,"rotation":0,"texture":"#1"}}},{"from":[10.0,7.4991455,-6.487443],"to":[11.0,8.4991455,-2.487443],"faces":{"east":{"uv":[13.0,10.75,13.5,10.875],"tintindex":0,"rotation":0,"texture":"#1"},"south":{"uv":[13.25,12.5,13.375,12.625],"tintindex":0,"rotation":0,"texture":"#1"},"north":{"uv":[13.25,12.375,13.375,12.5],"tintindex":0,"rotation":0,"texture":"#1"},"west":{"uv":[13.0,10.875,13.5,11.0],"tintindex":0,"rotation":0,"texture":"#1"},"up":{"uv":[12.875,13.5,12.75,13.0],"tintindex":0,"rotation":0,"texture":"#1"},"down":{"uv":[13.0,13.0,12.875,13.5],"tintindex":0,"rotation":0,"texture":"#1"}},"rotation":{"origin":[8.0,7.9991455,-5.237443],"angle":-45.0,"axis":"y"}},{"from":[11.0,7.9991455,-6.487443],"to":[12.0,7.9991455,-2.487443],"faces":{"up":{"uv":[3.75,13.75,3.625,13.25],"tintindex":0,"rotation":0,"texture":"#1"},"down":{"uv":[3.875,13.25,3.75,13.75],"tintindex":0,"rotation":0,"texture":"#1"}},"rotation":{"origin":[8.0,7.9991455,-5.237443],"angle":-45.0,"axis":"y"}}],"display":{"gui":{"rotation":[30,225,0]}}}