{"textures":{"1":"modelengine:entity/eye_creature"},"elements":[{"from":[4.0,7.9991455,-5.687443],"to":[5.0,7.9991455,-1.6874428],"faces":{"up":{"uv":[10.875,13.625,10.75,13.125],"tintindex":0,"rotation":0,"texture":"#1"},"down":{"uv":[13.25,11.25,13.125,11.75],"tintindex":0,"rotation":0,"texture":"#1"}},"rotation":{"origin":[8.0,7.9991455,-4.437443],"angle":45.0,"axis":"y"}},{"from":[6.5,7.9991455,-0.9374428],"to":[7.5,7.9991455,9.062558],"faces":{"up":{"uv":[2.0,14.0,1.875,12.75],"tintindex":0,"rotation":0,"texture":"#1"},"down":{"uv":[2.125,12.75,2.0,14.0],"tintindex":0,"rotation":0,"texture":"#1"}}},{"from":[7.5,7.4991455,-0.9374428],"to":[8.5,8.4991455,9.062558],"faces":{"east":{"uv":[12.5,2.875,13.75,3.0],"tintindex":0,"rotation":0,"texture":"#1"},"south":{"uv":[13.375,1.75,13.5,1.875],"tintindex":0,"rotation":0,"texture":"#1"},"north":{"uv":[13.375,1.625,13.5,1.75],"tintindex":0,"rotation":0,"texture":"#1"},"west":{"uv":[12.625,0.0,13.875,0.125],"tintindex":0,"rotation":0,"texture":"#1"},"up":{"uv":[6.0,13.75,5.875,12.5],"tintindex":0,"rotation":0,"texture":"#1"},"down":{"uv":[12.75,3.0,12.625,4.25],"tintindex":0,"rotation":0,"texture":"#1"}}},{"from":[6.262563,7.4991455,-4.139345],"to":[7.262563,8.4991455,-0.13934517],"faces":{"east":{"uv":[13.125,4.25,13.625,4.375],"tintindex":0,"rotation":0,"texture":"#1"},"south":{"uv":[13.375,3.125,13.5,3.25],"tintindex":0,"rotation":0,"texture":"#1"},"north":{"uv":[13.375,3.0,13.5,3.125],"tintindex":0,"rotation":0,"texture":"#1"},"west":{"uv":[4.5,13.125,5.0,13.25],"tintindex":0,"rotation":0,"texture":"#1"},"up":{"uv":[5.125,13.625,5.0,13.125],"tintindex":0,"rotation":0,"texture":"#1"},"down":{"uv":[5.25,13.125,5.125,13.625],"tintindex":0,"rotation":0,"texture":"#1"}},"rotation":{"origin":[6.762563,7.9991455,-2.1393452],"angle":45.0,"axis":"y"}}],"display":{"gui":{"rotation":[30,225,0]}}}