{"textures":{"1":"modelengine:entity/eye_creature"},"elements":[{"from":[6.262563,7.4991455,-4.139345],"to":[7.262563,8.4991455,-0.13934517],"faces":{"east":{"uv":[13.125,7.5,13.625,7.625],"tintindex":0,"rotation":0,"texture":"#1"},"south":{"uv":[13.375,3.625,13.5,3.75],"tintindex":0,"rotation":0,"texture":"#1"},"north":{"uv":[13.375,3.5,13.5,3.625],"tintindex":0,"rotation":0,"texture":"#1"},"west":{"uv":[13.125,7.625,13.625,7.75],"tintindex":0,"rotation":0,"texture":"#1"},"up":{"uv":[5.375,13.625,5.25,13.125],"tintindex":0,"rotation":0,"texture":"#1"},"down":{"uv":[13.25,7.75,13.125,8.25],"tintindex":0,"rotation":0,"texture":"#1"}},"rotation":{"origin":[6.762563,7.9991455,-2.1393452],"angle":45.0,"axis":"y"}},{"from":[7.5,7.4991455,-0.9374428],"to":[8.5,8.4991455,9.062558],"faces":{"east":{"uv":[12.625,0.125,13.875,0.25],"tintindex":0,"rotation":0,"texture":"#1"},"south":{"uv":[13.375,3.375,13.5,3.5],"tintindex":0,"rotation":0,"texture":"#1"},"north":{"uv":[13.375,3.25,13.5,3.375],"tintindex":0,"rotation":0,"texture":"#1"},"west":{"uv":[12.625,0.25,13.875,0.375],"tintindex":0,"rotation":0,"texture":"#1"},"up":{"uv":[12.25,13.875,12.125,12.625],"tintindex":0,"rotation":0,"texture":"#1"},"down":{"uv":[12.375,12.625,12.25,13.875],"tintindex":0,"rotation":0,"texture":"#1"}}},{"from":[6.5,7.9991455,-0.9374428],"to":[7.5,7.9991455,9.062558],"faces":{"up":{"uv":[2.25,14.0,2.125,12.75],"tintindex":0,"rotation":0,"texture":"#1"},"down":{"uv":[2.375,12.75,2.25,14.0],"tintindex":0,"rotation":0,"texture":"#1"}}},{"from":[4.0,7.9991455,-5.687443],"to":[5.0,7.9991455,-1.6874428],"faces":{"up":{"uv":[11.5,13.625,11.375,13.125],"tintindex":0,"rotation":0,"texture":"#1"},"down":{"uv":[11.625,13.125,11.5,13.625],"tintindex":0,"rotation":0,"texture":"#1"}},"rotation":{"origin":[8.0,7.9991455,-4.437443],"angle":45.0,"axis":"y"}}],"display":{"gui":{"rotation":[30,225,0]}}}