{"textures":{"1":"modelengine:entity/eye_creature"},"elements":[{"from":[11.0,7.9991455,-5.687443],"to":[12.0,7.9991455,-1.6874428],"faces":{"up":{"uv":[4.0,13.75,3.875,13.25],"tintindex":0,"rotation":0,"texture":"#1"},"down":{"uv":[4.625,13.25,4.5,13.75],"tintindex":0,"rotation":0,"texture":"#1"}},"rotation":{"origin":[8.0,7.9991455,-4.437443],"angle":-45.0,"axis":"y"}},{"from":[8.5,7.9991455,-0.9374428],"to":[9.5,7.9991455,9.062558],"faces":{"up":{"uv":[3.375,14.0,3.25,12.75],"tintindex":0,"rotation":0,"texture":"#1"},"down":{"uv":[3.5,12.75,3.375,14.0],"tintindex":0,"rotation":0,"texture":"#1"}}},{"from":[7.5,7.4991455,-0.9374428],"to":[8.5,8.4991455,9.062558],"faces":{"east":{"uv":[12.5,2.625,13.75,2.75],"tintindex":0,"rotation":0,"texture":"#1"},"south":{"uv":[13.375,0.875,13.5,1.0],"tintindex":0,"rotation":0,"texture":"#1"},"north":{"uv":[13.25,13.25,13.375,13.375],"tintindex":0,"rotation":0,"texture":"#1"},"west":{"uv":[12.5,2.75,13.75,2.875],"tintindex":0,"rotation":0,"texture":"#1"},"up":{"uv":[5.75,13.75,5.625,12.5],"tintindex":0,"rotation":0,"texture":"#1"},"down":{"uv":[5.875,12.5,5.75,13.75],"tintindex":0,"rotation":0,"texture":"#1"}}},{"from":[10.0,7.4991455,-5.687443],"to":[11.0,8.4991455,-1.6874428],"faces":{"east":{"uv":[13.125,4.0,13.625,4.125],"tintindex":0,"rotation":0,"texture":"#1"},"south":{"uv":[13.375,1.5,13.5,1.625],"tintindex":0,"rotation":0,"texture":"#1"},"north":{"uv":[13.375,1.375,13.5,1.5],"tintindex":0,"rotation":0,"texture":"#1"},"west":{"uv":[13.125,4.125,13.625,4.25],"tintindex":0,"rotation":0,"texture":"#1"},"up":{"uv":[4.375,13.625,4.25,13.125],"tintindex":0,"rotation":0,"texture":"#1"},"down":{"uv":[4.5,13.125,4.375,13.625],"tintindex":0,"rotation":0,"texture":"#1"}},"rotation":{"origin":[8.0,7.9991455,-4.437443],"angle":-45.0,"axis":"y"}}],"display":{"gui":{"rotation":[30,225,0]}}}