{"textures":{"0":"modelengine:entity/eyebot"},"elements":[{"from":[7.5625,6.9652042,4.4180717],"to":[8.3125,7.7152042,5.4180717],"faces":{"east":{"uv":[10.25,9.875,10.375,10.0],"tintindex":0,"rotation":0,"texture":"#0"},"south":{"uv":[10.0,10.25,10.125,10.375],"tintindex":0,"rotation":0,"texture":"#0"},"north":{"uv":[9.875,10.25,10.0,10.375],"tintindex":0,"rotation":0,"texture":"#0"},"west":{"uv":[10.25,10.0,10.375,10.125],"tintindex":0,"rotation":0,"texture":"#0"},"up":{"uv":[10.25,10.375,10.125,10.25],"tintindex":0,"rotation":0,"texture":"#0"},"down":{"uv":[10.375,10.125,10.25,10.25],"tintindex":0,"rotation":0,"texture":"#0"}},"rotation":{"origin":[10.9375,6.4652042,6.6680717],"angle":-22.5,"axis":"x"}},{"from":[7.8125,9.27931,5.0782614],"to":[8.3125,9.77931,18.828262],"faces":{"east":{"uv":[7.25,7.375,9.0,7.5],"tintindex":0,"rotation":0,"texture":"#0"},"south":{"uv":[0.375,10.375,0.5,10.5],"tintindex":0,"rotation":0,"texture":"#0"},"north":{"uv":[10.375,0.25,10.5,0.375],"tintindex":0,"rotation":0,"texture":"#0"},"west":{"uv":[7.5,4.625,9.25,4.75],"tintindex":0,"rotation":0,"texture":"#0"},"up":{"uv":[5.375,9.125,5.25,7.375],"tintindex":0,"rotation":0,"texture":"#0"},"down":{"uv":[5.5,7.375,5.375,9.125],"tintindex":0,"rotation":0,"texture":"#0"}},"rotation":{"origin":[10.8125,7.77931,11.953261],"angle":-22.5,"axis":"x"}}],"display":{"gui":{"rotation":[30,225,0]}}}