{"textures":{"0":"modelengine:entity/eyebot"},"elements":[{"from":[7.6875,6.8185577,2.892129],"to":[8.4375,7.3185577,3.892129],"faces":{"east":{"uv":[10.25,9.0,10.375,9.125],"tintindex":0,"rotation":0,"texture":"#0"},"south":{"uv":[9.125,10.25,9.25,10.375],"tintindex":0,"rotation":0,"texture":"#0"},"north":{"uv":[9.0,10.25,9.125,10.375],"tintindex":0,"rotation":0,"texture":"#0"},"west":{"uv":[10.25,9.125,10.375,9.25],"tintindex":0,"rotation":0,"texture":"#0"},"up":{"uv":[9.375,10.375,9.25,10.25],"tintindex":0,"rotation":0,"texture":"#0"},"down":{"uv":[10.375,9.25,10.25,9.375],"tintindex":0,"rotation":0,"texture":"#0"}}},{"from":[7.4375,6.5685577,3.892129],"to":[8.6875,7.5685577,4.892129],"faces":{"east":{"uv":[10.25,9.5,10.375,9.625],"tintindex":0,"rotation":0,"texture":"#0"},"south":{"uv":[9.625,10.25,9.75,10.375],"tintindex":0,"rotation":0,"texture":"#0"},"north":{"uv":[9.5,10.25,9.625,10.375],"tintindex":0,"rotation":0,"texture":"#0"},"west":{"uv":[10.25,9.625,10.375,9.75],"tintindex":0,"rotation":0,"texture":"#0"},"up":{"uv":[9.875,10.375,9.75,10.25],"tintindex":0,"rotation":0,"texture":"#0"},"down":{"uv":[10.375,9.75,10.25,9.875],"tintindex":0,"rotation":0,"texture":"#0"}}}],"display":{"gui":{"rotation":[30,225,0]}}}