{"textures":{"0":"modelengine:entity/eyebot"},"elements":[{"from":[7.7083335,9.742659,13.272073],"to":[8.208334,10.242659,16.022072],"faces":{"east":{"uv":[9.875,0.625,10.25,0.75],"tintindex":0,"rotation":0,"texture":"#0"},"south":{"uv":[0.625,10.375,0.75,10.5],"tintindex":0,"rotation":0,"texture":"#0"},"north":{"uv":[10.375,0.5,10.5,0.625],"tintindex":0,"rotation":0,"texture":"#0"},"west":{"uv":[9.875,0.75,10.25,0.875],"tintindex":0,"rotation":0,"texture":"#0"},"up":{"uv":[1.125,10.25,1.0,9.875],"tintindex":0,"rotation":0,"texture":"#0"},"down":{"uv":[1.25,9.875,1.125,10.25],"tintindex":0,"rotation":0,"texture":"#0"}},"rotation":{"origin":[7.9583335,10.992659,14.397072],"angle":22.5,"axis":"x"}},{"from":[7.7083335,6.1699924,1.7573318],"to":[8.458334,6.9199924,2.7573318],"faces":{"east":{"uv":[0.0,10.375,0.125,10.5],"tintindex":0,"rotation":0,"texture":"#0"},"south":{"uv":[10.375,0.0,10.5,0.125],"tintindex":0,"rotation":0,"texture":"#0"},"north":{"uv":[10.25,10.25,10.375,10.375],"tintindex":0,"rotation":0,"texture":"#0"},"west":{"uv":[0.125,10.375,0.25,10.5],"tintindex":0,"rotation":0,"texture":"#0"},"up":{"uv":[10.5,0.25,10.375,0.125],"tintindex":0,"rotation":0,"texture":"#0"},"down":{"uv":[0.375,10.375,0.25,10.5],"tintindex":0,"rotation":0,"texture":"#0"}},"rotation":{"origin":[5.3333335,5.6699924,4.007332],"angle":-22.5,"axis":"x"}},{"from":[7.7083335,8.484098,2.4175215],"to":[8.208334,8.984098,14.167521],"faces":{"east":{"uv":[7.5,4.75,9.0,4.875],"tintindex":0,"rotation":0,"texture":"#0"},"south":{"uv":[0.5,10.375,0.625,10.5],"tintindex":0,"rotation":0,"texture":"#0"},"north":{"uv":[10.375,0.375,10.5,0.5],"tintindex":0,"rotation":0,"texture":"#0"},"west":{"uv":[7.5,4.875,9.0,5.0],"tintindex":0,"rotation":0,"texture":"#0"},"up":{"uv":[5.625,8.875,5.5,7.375],"tintindex":0,"rotation":0,"texture":"#0"},"down":{"uv":[5.75,7.375,5.625,8.875],"tintindex":0,"rotation":0,"texture":"#0"}},"rotation":{"origin":[5.2083335,6.9840984,9.292521],"angle":-22.5,"axis":"x"}}],"display":{"gui":{"rotation":[30,225,0]}}}