{"textures":{"0":"modelengine:entity/eyebot"},"elements":[{"from":[4.8765626,9.160177,7.8769693],"to":[8.376562,9.410178,8.126969],"faces":{"east":{"uv":[10.375,1.375,10.5,1.5],"tintindex":0,"rotation":0,"texture":"#0"},"south":{"uv":[9.625,6.375,10.125,6.5],"tintindex":0,"rotation":0,"texture":"#0"},"north":{"uv":[9.625,6.25,10.125,6.375],"tintindex":0,"rotation":0,"texture":"#0"},"west":{"uv":[1.5,10.375,1.625,10.5],"tintindex":0,"rotation":0,"texture":"#0"},"up":{"uv":[10.125,6.625,9.625,6.5],"tintindex":0,"rotation":0,"texture":"#0"},"down":{"uv":[10.125,6.625,9.625,6.75],"tintindex":0,"rotation":0,"texture":"#0"}},"rotation":{"origin":[7.1265626,8.035177,8.001969],"angle":-45.0,"axis":"z"}},{"from":[8.623438,7.714822,7.74803],"to":[9.123438,8.214822,8.24803],"faces":{"east":{"uv":[0.75,10.375,0.875,10.5],"tintindex":0,"rotation":0,"texture":"#0"},"south":{"uv":[10.375,0.75,10.5,0.875],"tintindex":0,"rotation":0,"texture":"#0"},"north":{"uv":[10.375,0.625,10.5,0.75],"tintindex":0,"rotation":0,"texture":"#0"},"west":{"uv":[0.875,10.375,1.0,10.5],"tintindex":0,"rotation":0,"texture":"#0"},"up":{"uv":[10.5,1.0,10.375,0.875],"tintindex":0,"rotation":0,"texture":"#0"},"down":{"uv":[1.125,10.375,1.0,10.5],"tintindex":0,"rotation":0,"texture":"#0"}}}],"display":{"gui":{"rotation":[30,225,0]}}}